{"stats":{"minecraft:picked_up":{"minecraft:azure_bluet":1,"minecraft:wheat_seeds":3,"minecraft:dandelion":3,"minecraft:oxeye_daisy":1},"minecraft:used":{"minecraft:mooshroom_spawn_egg":2,"minecraft:zombie_spawn_egg":18},"minecraft:killed_by":{"minecraft:creeper":1},"minecraft:custom":{"minecraft:time_since_rest":8093,"minecraft:crouch_one_cm":811,"minecraft:deaths":1,"minecraft:sprint_one_cm":9263,"minecraft:play_time":13317,"minecraft:damage_taken":265,"minecraft:walk_one_cm":28163,"minecraft:sneak_time":883,"minecraft:walk_under_water_one_cm":201,"minecraft:jump":134,"minecraft:damage_dealt":77,"minecraft:leave_game":2,"minecraft:time_since_death":8062,"minecraft:walk_on_water_one_cm":2276,"minecraft:total_world_time":13317,"minecraft:fall_one_cm":1211,"minecraft:fly_one_cm":320747},"minecraft:mined":{"minecraft:grass":35,"minecraft:glass_pane":1,"minecraft:tall_grass":8,"minecraft:dandelion":3,"minecraft:oxeye_daisy":1,"minecraft:azure_bluet":1}},"DataVersion":3465}