{"stats":{"minecraft:used":{"minecraft:orange_wool":106},"minecraft:custom":{"minecraft:jump":251,"minecraft:open_chest":1,"minecraft:time_since_rest":7701,"minecraft:crouch_one_cm":154,"minecraft:leave_game":2,"minecraft:play_time":7701,"minecraft:sprint_one_cm":31455,"minecraft:time_since_death":7701,"minecraft:walk_on_water_one_cm":1642,"minecraft:walk_one_cm":13200,"minecraft:sneak_time":195,"minecraft:total_world_time":7701,"minecraft:walk_under_water_one_cm":2230,"minecraft:swim_one_cm":7051,"minecraft:fly_one_cm":54640}},"DataVersion":3465}