{"stats":{"minecraft:picked_up":{"minecraft:stripped_oak_log":8,"minecraft:crafting_table":3,"minecraft:feather":1,"minecraft:chicken":2,"minecraft:oak_log":15,"minecraft:string":1,"minecraft:dirt":11,"minecraft:cooked_mutton":1,"minecraft:wheat_seeds":1,"minecraft:iron_ingot":5,"minecraft:poppy":1,"minecraft:chest":1,"minecraft:pumpkin":2,"minecraft:sweet_berries":33,"minecraft:torch":2,"minecraft:porkchop":7,"minecraft:stone_sword":1,"minecraft:hay_block":8,"minecraft:black_wool":1,"minecraft:mutton":8,"minecraft:white_wool":4,"minecraft:cobblestone":18},"minecraft:used":{"minecraft:cooked_mutton":8,"minecraft:stone_sword":17,"minecraft:chest":3,"minecraft:wooden_pickaxe":24,"minecraft:torch":1,"minecraft:dirt":6,"minecraft:crafting_table":3,"minecraft:creeper_spawn_egg":22,"minecraft:wooden_axe":1,"minecraft:apple":4,"minecraft:bread":3,"minecraft:stone_axe":57,"minecraft:wooden_sword":21,"minecraft:sweet_berries":12,"minecraft:pumpkin":1},"minecraft:crafted":{"minecraft:wooden_sword":1,"minecraft:oak_planks":56,"minecraft:crafting_table":1,"minecraft:wooden_pickaxe":1,"minecraft:stone_axe":1,"minecraft:cooked_mutton":7,"minecraft:air":0,"minecraft:stick":12,"minecraft:stone_pickaxe":1,"minecraft:wooden_axe":1,"minecraft:stone_sword":1,"minecraft:chest":2},"minecraft:killed_by":{"minecraft:zombie":1},"minecraft:custom":{"minecraft:interact_with_furnace":10,"minecraft:mob_kills":18,"minecraft:interact_with_crafting_table":5,"minecraft:bell_ring":13,"minecraft:leave_game":1,"minecraft:time_since_death":16173,"minecraft:sleep_in_bed":3,"minecraft:time_since_rest":16195,"minecraft:sprint_one_cm":157543,"minecraft:damage_taken":1713,"minecraft:walk_one_cm":100741,"minecraft:drop":2,"minecraft:damage_dealt":3197,"minecraft:swim_one_cm":33259,"minecraft:fly_one_cm":744853,"minecraft:player_kills":2,"minecraft:open_chest":12,"minecraft:crouch_one_cm":13834,"minecraft:play_time":74666,"minecraft:deaths":4,"minecraft:sneak_time":4279,"minecraft:walk_under_water_one_cm":17209,"minecraft:jump":1199,"minecraft:walk_on_water_one_cm":8984,"minecraft:total_world_time":74666,"minecraft:fall_one_cm":35911},"minecraft:killed":{"minecraft:cat":1,"minecraft:iron_golem":1,"minecraft:sheep":5,"minecraft:zombie":6,"minecraft:bee":2,"minecraft:chicken":1,"minecraft:villager":2},"minecraft:dropped":{"minecraft:chicken":1,"minecraft:poppy":1},"minecraft:mined":{"minecraft:crafting_table":3,"minecraft:grass_block":8,"minecraft:chest":1,"minecraft:tall_grass":3,"minecraft:wall_torch":2,"minecraft:hay_block":8,"minecraft:sweet_berry_bush":12,"minecraft:pumpkin":3,"minecraft:grass":20,"minecraft:oak_log":7,"minecraft:dirt":3,"minecraft:stripped_oak_log":8,"minecraft:stone":18}},"DataVersion":3465}