{"stats":{"minecraft:custom":{"minecraft:time_since_rest":448,"minecraft:interact_with_furnace":10,"minecraft:sprint_one_cm":143339,"minecraft:damage_taken":1713,"minecraft:walk_one_cm":83845,"minecraft:mob_kills":18,"minecraft:drop":2,"minecraft:damage_dealt":3187,"minecraft:player_kills":2,"minecraft:swim_one_cm":33259,"minecraft:interact_with_crafting_table":5,"minecraft:fly_one_cm":256710,"minecraft:open_chest":12,"minecraft:crouch_one_cm":5375,"minecraft:play_time":58919,"minecraft:deaths":4,"minecraft:bell_ring":13,"minecraft:sneak_time":1589,"minecraft:walk_under_water_one_cm":17209,"minecraft:jump":1150,"minecraft:walk_on_water_one_cm":8984,"minecraft:time_since_death":426,"minecraft:sleep_in_bed":3,"minecraft:total_world_time":58919,"minecraft:fall_one_cm":35284},"minecraft:crafted":{"minecraft:wooden_sword":1,"minecraft:oak_planks":56,"minecraft:crafting_table":1,"minecraft:stick":12,"minecraft:wooden_pickaxe":1,"minecraft:stone_pickaxe":1,"minecraft:wooden_axe":1,"minecraft:stone_sword":1,"minecraft:chest":2,"minecraft:stone_axe":1,"minecraft:air":0,"minecraft:cooked_mutton":7},"minecraft:mined":{"minecraft:sweet_berry_bush":12,"minecraft:pumpkin":3,"minecraft:crafting_table":3,"minecraft:grass":20,"minecraft:grass_block":5,"minecraft:oak_log":7,"minecraft:chest":1,"minecraft:dirt":3,"minecraft:stripped_oak_log":8,"minecraft:tall_grass":3,"minecraft:stone":18,"minecraft:wall_torch":2,"minecraft:hay_block":8},"minecraft:killed":{"minecraft:cat":1,"minecraft:sheep":5,"minecraft:zombie":6,"minecraft:bee":2,"minecraft:chicken":1,"minecraft:iron_golem":1,"minecraft:villager":2},"minecraft:killed_by":{"minecraft:zombie":1},"minecraft:used":{"minecraft:cooked_mutton":8,"minecraft:wooden_axe":1,"minecraft:stone_sword":17,"minecraft:apple":4,"minecraft:bread":3,"minecraft:chest":3,"minecraft:wooden_pickaxe":24,"minecraft:torch":1,"minecraft:stone_axe":57,"minecraft:wooden_sword":21,"minecraft:dirt":3,"minecraft:sweet_berries":12,"minecraft:crafting_table":3,"minecraft:pumpkin":1},"minecraft:dropped":{"minecraft:poppy":1,"minecraft:chicken":1},"minecraft:picked_up":{"minecraft:stripped_oak_log":8,"minecraft:crafting_table":3,"minecraft:feather":1,"minecraft:chicken":2,"minecraft:pumpkin":2,"minecraft:torch":2,"minecraft:porkchop":7,"minecraft:oak_log":15,"minecraft:string":1,"minecraft:dirt":8,"minecraft:stone_sword":1,"minecraft:cooked_mutton":1,"minecraft:wheat_seeds":1,"minecraft:hay_block":8,"minecraft:iron_ingot":5,"minecraft:poppy":1,"minecraft:chest":1,"minecraft:black_wool":1,"minecraft:mutton":8,"minecraft:white_wool":4,"minecraft:cobblestone":18,"minecraft:sweet_berries":33}},"DataVersion":3465}