{"stats":{"minecraft:custom":{"minecraft:interact_with_furnace":9,"minecraft:mob_kills":23,"minecraft:interact_with_crafting_table":4,"minecraft:bell_ring":26,"minecraft:leave_game":1,"minecraft:time_since_death":681,"minecraft:sleep_in_bed":4,"minecraft:time_since_rest":712,"minecraft:sprint_one_cm":142054,"minecraft:damage_taken":2001,"minecraft:walk_one_cm":120119,"minecraft:drop":17,"minecraft:damage_dealt":3463,"minecraft:swim_one_cm":22187,"minecraft:talked_to_villager":2,"minecraft:fly_one_cm":211090,"minecraft:open_chest":26,"minecraft:crouch_one_cm":3690,"minecraft:play_time":58737,"minecraft:deaths":7,"minecraft:sneak_time":1456,"minecraft:walk_under_water_one_cm":31278,"minecraft:jump":1361,"minecraft:walk_on_water_one_cm":28881,"minecraft:total_world_time":58737,"minecraft:fall_one_cm":48589,"minecraft:horse_one_cm":9032},"minecraft:crafted":{"minecraft:cooked_beef":1,"minecraft:oak_planks":44,"minecraft:cooked_porkchop":2,"minecraft:crafting_table":2,"minecraft:wooden_pickaxe":1,"minecraft:furnace":1,"minecraft:stone_axe":1,"minecraft:cooked_mutton":1,"minecraft:air":0,"minecraft:stick":12,"minecraft:stone_pickaxe":1,"minecraft:wooden_axe":1,"minecraft:stone_sword":1,"minecraft:torch":12},"minecraft:mined":{"minecraft:torch":1,"minecraft:grass_block":9,"minecraft:white_stained_glass_pane":1,"minecraft:tall_grass":10,"minecraft:sugar_cane":8,"minecraft:diorite":11,"minecraft:wall_torch":2,"minecraft:smooth_stone":4,"minecraft:iron_ore":10,"minecraft:andesite":5,"minecraft:pumpkin":4,"minecraft:yellow_stained_glass_pane":1,"minecraft:grass":36,"minecraft:oak_log":19,"minecraft:coal_ore":18,"minecraft:sand":1,"minecraft:dirt":13,"minecraft:stone":49},"minecraft:killed":{"minecraft:pig":5,"minecraft:sheep":5,"minecraft:zombie":2,"minecraft:chicken":4,"minecraft:drowned":1,"minecraft:villager":1,"minecraft:cow":5},"minecraft:killed_by":{"minecraft:player":2,"minecraft:zombie":1},"minecraft:used":{"minecraft:stone_sword":94,"minecraft:stone_pickaxe":76,"minecraft:wooden_pickaxe":23,"minecraft:torch":18,"minecraft:dirt":11,"minecraft:mutton":3,"minecraft:crafting_table":2,"minecraft:wooden_axe":17,"minecraft:chicken":3,"minecraft:stone_axe":9,"minecraft:furnace":1,"minecraft:cooked_porkchop":2,"minecraft:cooked_beef":1,"minecraft:pumpkin":5,"minecraft:smooth_stone":4},"minecraft:dropped":{"minecraft:porkchop":7,"minecraft:wheat_seeds":1,"minecraft:chicken":1,"minecraft:rotten_flesh":1,"minecraft:cooked_mutton":1,"minecraft:copper_ingot":1,"minecraft:mutton":4,"minecraft:sand":1},"minecraft:picked_up":{"minecraft:wooden_axe":1,"minecraft:feather":14,"minecraft:chicken":5,"minecraft:andesite":5,"minecraft:leather":10,"minecraft:brown_wool":2,"minecraft:wooden_pickaxe":1,"minecraft:oak_log":29,"minecraft:dirt":32,"minecraft:wheat_seeds":13,"minecraft:smooth_stone":4,"minecraft:beef":23,"minecraft:stone_pickaxe":2,"minecraft:poppy":5,"minecraft:sugar_cane":53,"minecraft:raw_iron":53,"minecraft:pumpkin":5,"minecraft:copper_ingot":3,"minecraft:torch":18,"minecraft:porkchop":9,"minecraft:sand":5,"minecraft:diorite":11,"minecraft:stone_sword":3,"minecraft:rotten_flesh":12,"minecraft:stone_axe":4,"minecraft:mutton":15,"minecraft:coal":93,"minecraft:white_wool":17,"minecraft:cobblestone":158}},"DataVersion":3465}